City_ID,City,Lat,Lng,Max Temp,Humidity,Cloudiness,Wind Speed,Country,Date
0,Knysna,-34.0363,23.0471,67.8,95,17,5.73,ZA,2022-12-08 19:50:36
1,Luanda,-8.8368,13.2343,78.8,83,75,8.05,AO,2022-12-08 19:50:36
2,Rikitea,-23.1203,-134.9692,75.04,79,32,16.15,PF,2022-12-08 19:49:20
3,Chuy,-33.6971,-53.4616,88.2,42,0,11.86,UY,2022-12-08 19:50:37
4,Airai,-8.9266,125.4092,57.94,88,66,2.48,TL,2022-12-08 19:50:37
5,Tangzhai,34.4328,116.5911,43.47,79,94,3.2,CN,2022-12-08 19:50:37
6,Ifo,6.8144,3.1958,82.02,74,8,6.15,NG,2022-12-08 19:50:37
7,Kodiak,57.79,-152.4072,29.71,51,0,16.11,US,2022-12-08 19:47:10
8,Canby,45.2629,-122.6926,45.14,95,100,7.0,US,2022-12-08 19:50:38
9,Kaitangata,-46.2817,169.8464,57.49,92,100,0.85,NZ,2022-12-08 19:50:38
10,Mataura,-46.1927,168.8643,58.33,72,100,0.34,NZ,2022-12-08 19:50:38
11,Mount Isa,-20.7333,139.5,82.17,15,3,9.22,AU,2022-12-08 19:50:39
12,Puerto Plata,19.7934,-70.6884,78.64,73,40,5.75,DO,2022-12-08 19:50:39
13,Ribeira Grande,38.5167,-28.7,59.77,82,20,11.99,PT,2022-12-08 19:50:39
14,Doctor Juan Manuel Frutos,-25.3667,-55.8,92.93,46,77,1.88,PY,2022-12-08 19:50:40
15,Quarteira,37.0695,-8.1006,61.95,88,20,3.44,PT,2022-12-08 19:50:40
16,Bara,10.3744,10.7288,73.15,24,14,8.59,NG,2022-12-08 19:50:40
17,Poum,-20.2333,164.0167,80.96,76,3,11.97,NC,2022-12-08 19:50:41
18,Norman Wells,65.282,-126.8329,-25.56,75,75,0.0,CA,2022-12-08 19:50:41
19,Sitka,57.0531,-135.33,35.49,75,75,13.8,US,2022-12-08 19:50:41
20,Punta Arenas,-53.15,-70.9167,50.11,57,20,13.8,CL,2022-12-08 19:50:42
21,Husavik,66.0449,-17.3389,29.1,80,100,19.95,IS,2022-12-08 19:45:58
22,Krutaya Gorka,55.3649,73.2231,-9.72,94,15,9.98,RU,2022-12-08 19:50:42
23,Port Alfred,-33.5906,26.891,74.17,95,100,8.01,ZA,2022-12-08 19:50:42
24,Jiuquan,39.7432,98.5174,20.25,72,91,2.13,CN,2022-12-08 19:50:43
25,Upernavik,72.7868,-56.1549,30.45,69,100,12.57,GL,2022-12-08 19:50:43
26,Barrow,71.2906,-156.7887,10.42,85,100,8.05,US,2022-12-08 19:50:43
27,Mar Del Plata,-38.0023,-57.5575,85.82,32,0,11.5,AR,2022-12-08 19:49:44
28,Georgetown,5.4112,100.3354,78.89,91,20,2.3,MY,2022-12-08 19:50:44
29,Albany,42.6001,-73.9662,47.39,68,96,5.01,US,2022-12-08 19:50:44
30,Kirakira,-10.4544,161.9205,80.92,81,100,2.35,SB,2022-12-08 19:50:44
31,Kavieng,-2.5744,150.7967,81.19,81,100,9.53,PG,2022-12-08 19:50:45
32,Cabo San Lucas,22.8909,-109.9124,85.6,56,62,6.44,MX,2022-12-08 19:49:58
33,Kapaa,22.0752,-159.319,80.92,73,75,17.27,US,2022-12-08 19:50:45
34,Roald,62.5833,6.1333,32.14,64,0,10.36,NO,2022-12-08 19:50:46
35,Stornoway,58.2093,-6.3865,35.04,82,20,3.44,GB,2022-12-08 19:50:46
36,Busselton,-33.65,115.3333,54.03,76,51,6.11,AU,2022-12-08 19:50:46
37,Liverpool,53.4106,-2.9779,35.29,81,20,4.61,GB,2022-12-08 19:50:46
38,Moose Factory,51.2585,-80.6094,1.4,78,100,10.36,CA,2022-12-08 19:50:47
39,Kupang,-10.1667,123.5833,77.18,84,97,6.96,ID,2022-12-08 19:50:47
40,Tuktoyaktuk,69.4541,-133.0374,-23.8,69,20,10.36,CA,2022-12-08 19:50:47
41,Leningradskiy,69.3833,178.4167,-18.26,92,20,4.23,RU,2022-12-08 19:50:48
42,Grand Gaube,-20.0064,57.6608,77.4,75,7,8.99,MU,2022-12-08 19:50:48
43,Sistranda,63.7256,8.834,31.57,61,62,24.74,NO,2022-12-08 19:50:48
44,Codogno,45.1619,9.7022,42.84,89,100,2.21,IT,2022-12-08 19:50:49
45,Ushuaia,-54.8,-68.3,47.86,66,75,8.05,AR,2022-12-08 19:50:49
46,Longyearbyen,78.2186,15.6401,21.04,73,75,10.36,SJ,2022-12-08 19:51:50
47,Arraial Do Cabo,-22.9661,-42.0278,78.76,78,0,12.66,BR,2022-12-08 19:48:01
48,Vuktyl,63.8567,57.3094,8.37,96,94,6.69,RU,2022-12-08 19:51:51
49,Vaini,-21.2,-175.2,82.56,83,20,5.75,TO,2022-12-08 19:51:51
50,New Norfolk,-42.7826,147.0587,47.91,69,99,1.01,AU,2022-12-08 19:51:10
51,Hobyo,5.3505,48.5268,79.29,79,90,14.74,SO,2022-12-08 19:51:52
52,Fukue,32.6881,128.8419,56.91,55,11,9.86,JP,2022-12-08 19:49:52
53,Kawalu,-7.3817,108.2082,72.68,95,100,1.36,ID,2022-12-08 19:51:52
54,Codrington,-38.2667,141.9667,53.44,60,100,8.21,AU,2022-12-08 19:51:52
55,Marawi,7.9986,124.2928,68.54,96,100,0.74,PH,2022-12-08 19:51:53
56,Esperance,-33.8667,121.9,61.95,87,0,6.44,AU,2022-12-08 19:51:53
57,Labuhan,-6.8844,112.2051,78.28,83,95,5.28,ID,2022-12-08 19:49:50
58,Theodoriana,39.4356,21.21,46.45,96,87,2.84,GR,2022-12-08 19:51:53
59,Thompson,55.7435,-97.8558,-18.24,69,20,0.0,CA,2022-12-08 19:51:54
60,Thalassery,11.75,75.5333,74.79,65,100,3.58,IN,2022-12-08 19:51:54
61,Jamestown,42.097,-79.2353,42.39,61,100,3.44,US,2022-12-08 19:50:55
62,Kutna Hora,49.9484,15.2682,36.1,84,0,3.44,CZ,2022-12-08 19:51:55
63,Pampas,-12.4,-74.9,61.21,51,100,10.16,PE,2022-12-08 19:51:55
64,Bagan,54.1001,77.6646,-7.26,94,13,5.82,RU,2022-12-08 19:51:55
65,Perene,-10.9492,-75.2261,89.83,44,98,5.75,PE,2022-12-08 19:51:18
66,Port Elizabeth,-33.918,25.5701,73.31,98,100,17.0,ZA,2022-12-08 19:51:56
67,Kharp,66.8014,65.8081,-18.08,91,24,8.99,RU,2022-12-08 19:51:56
68,Luderitz,-26.6481,15.1594,62.33,90,0,8.52,NA,2022-12-08 19:47:07
69,Lar,26.2039,83.9717,58.06,44,0,3.78,IN,2022-12-08 19:51:56
70,Lugovoy,42.9472,72.7644,20.64,96,100,3.85,KZ,2022-12-08 19:51:57
71,Adre,13.4667,22.2,67.21,18,0,13.27,TD,2022-12-08 19:51:57
72,Qui Nhon,13.7667,109.2333,75.97,85,92,16.51,VN,2022-12-08 19:51:58
73,Baisha,26.5222,110.9311,46.24,81,98,1.99,CN,2022-12-08 19:51:58
74,Kruisfontein,-34.0033,24.7314,67.21,98,17,8.19,ZA,2022-12-08 19:51:58
75,Santa Maria,-29.6842,-53.8069,94.3,34,20,8.05,BR,2022-12-08 19:48:46
76,Butaritari,3.0707,172.7902,81.19,78,94,16.15,KI,2022-12-08 19:51:59
77,Hermanus,-34.4187,19.2345,72.81,82,4,14.25,ZA,2022-12-08 19:51:59
78,Amapa,1.0,-52.0,87.85,51,81,2.86,BR,2022-12-08 19:52:00
79,Shingu,33.7333,135.9833,44.31,75,6,6.06,JP,2022-12-08 19:52:00
80,Hithadhoo,-0.6,73.0833,82.24,77,100,17.31,MV,2022-12-08 19:52:00
81,Victoria,22.2855,114.1577,66.33,78,0,11.01,HK,2022-12-08 19:47:03
82,Namibe,-15.1961,12.1522,70.81,76,51,4.32,AO,2022-12-08 19:52:01
83,Dingle,10.9995,122.6711,74.32,97,100,4.41,PH,2022-12-08 19:52:01
84,Qaanaaq,77.484,-69.3632,8.55,69,100,6.08,GL,2022-12-08 19:52:02
85,Eidfjord,60.4675,7.0719,19.08,84,73,7.81,NO,2022-12-08 19:52:03
86,Sechura,-5.5569,-80.8222,78.26,52,79,14.92,PE,2022-12-08 19:52:03
87,Clyde River,70.4692,-68.5914,7.03,92,40,8.05,CA,2022-12-08 19:52:04
88,Faya,18.3851,42.4509,55.92,71,1,2.28,SA,2022-12-08 19:47:16
89,Hilo,19.7297,-155.09,76.28,91,100,4.0,US,2022-12-08 19:50:05
90,Geraldton,-28.7667,114.6,64.81,63,100,10.36,AU,2022-12-08 19:52:05
91,Chokurdakh,70.6333,147.9167,-16.42,98,100,7.18,RU,2022-12-08 19:52:05
92,Bredasdorp,-34.5322,20.0403,69.12,84,80,17.0,ZA,2022-12-08 19:52:06
93,Nemuro,43.3236,145.575,29.53,54,20,14.56,JP,2022-12-08 19:53:06
94,Bluff,-46.6,168.3333,56.43,85,100,0.25,NZ,2022-12-08 19:53:07
95,Salalah,17.0151,54.0924,74.35,47,6,4.85,OM,2022-12-08 19:53:07
96,Kutum,14.2,24.6667,61.2,19,20,7.92,SD,2022-12-08 19:53:07
97,Khani,41.9563,42.9566,38.77,75,96,5.1,GE,2022-12-08 19:53:08
98,Tagab,34.855,69.6492,46.33,76,100,1.81,AF,2022-12-08 19:53:09
99,Lages,-27.8161,-50.3261,84.63,45,3,4.38,BR,2022-12-08 19:49:23
100,Puerto Carreno,6.189,-67.4859,89.58,51,20,12.66,CO,2022-12-08 19:53:09
101,Thai Binh,20.45,106.3333,62.38,83,100,6.26,VN,2022-12-08 19:53:09
102,Mecca,21.4267,39.8261,74.68,65,26,7.78,SA,2022-12-08 19:51:12
103,Bonavista,48.6499,-53.1147,37.44,87,6,9.33,CA,2022-12-08 19:53:10
104,Salisbury,51.0693,-1.7957,34.02,91,11,4.61,GB,2022-12-08 19:53:10
105,Saint-Augustin,51.226,-58.6502,34.57,89,100,8.08,CA,2022-12-08 19:53:10
106,Klaksvik,62.2266,-6.589,38.32,70,100,38.14,FO,2022-12-08 19:53:11
107,Halifax,44.6453,-63.5724,50.45,98,100,23.02,CA,2022-12-08 19:52:25
108,Atuona,-9.8,-139.0333,77.79,68,93,14.81,PF,2022-12-08 19:51:42
109,Riorges,46.0418,4.0497,33.51,79,100,4.05,FR,2022-12-08 19:53:11
110,Bambous Virieux,-20.3428,57.7575,77.25,78,75,13.8,MU,2022-12-08 19:53:11
111,Hasaki,35.7333,140.8333,42.22,69,100,10.83,JP,2022-12-08 19:48:25
112,Gobabis,-22.45,18.9667,78.55,26,84,11.63,NA,2022-12-08 19:53:12
113,Bengkulu,-3.8004,102.2655,74.98,88,100,7.18,ID,2022-12-08 19:53:12
114,Manzanillo,20.3433,-77.1167,84.67,39,46,14.09,CU,2022-12-08 19:53:13
115,Imbituba,-28.24,-48.6703,77.14,67,33,7.25,BR,2022-12-08 19:53:13
116,Mayo,38.8876,-76.5119,57.13,74,100,6.91,US,2022-12-08 19:53:13
117,Carutapera,-1.195,-46.02,83.41,67,59,7.47,BR,2022-12-08 19:53:13
118,Freeport,40.6576,-73.5832,54.99,58,99,5.99,US,2022-12-08 19:53:14
119,Saskylakh,71.9167,114.0833,-7.04,98,100,15.05,RU,2022-12-08 19:53:14
120,Royan,45.6285,-1.0281,36.82,75,100,13.96,FR,2022-12-08 19:53:14
121,Great Yarmouth,52.6083,1.7305,32.95,79,92,12.17,GB,2022-12-08 19:53:15
122,Luziania,-16.2525,-47.9503,85.69,71,89,4.41,BR,2022-12-08 19:53:15
123,Shache,38.4167,77.2406,24.26,37,100,1.66,CN,2022-12-08 19:53:16
124,Carnarvon,-24.8667,113.6333,68.0,70,42,15.39,AU,2022-12-08 19:53:16
125,Srednekolymsk,67.45,153.6833,-45.15,99,56,4.43,RU,2022-12-08 19:53:16
126,Saint-Philippe,-21.3585,55.7679,76.59,84,36,11.07,RE,2022-12-08 19:53:17
127,Tikapur,28.5,81.1333,55.85,72,0,4.72,NP,2022-12-08 19:53:17
128,Mandalgovi,45.7625,106.2708,2.98,62,100,11.03,MN,2022-12-08 19:53:17
129,Sao Joao Da Barra,-21.6403,-41.0511,78.89,83,14,13.04,BR,2022-12-08 19:53:18
130,Rosarito,32.3333,-117.0333,65.25,55,0,10.47,MX,2022-12-08 19:53:18
131,Port Hardy,50.6996,-127.4199,39.38,93,75,4.61,CA,2022-12-08 19:53:18
132,Bayana,26.9,77.2833,59.49,38,0,3.33,IN,2022-12-08 19:53:19
133,Montague,42.5356,-72.5351,50.18,70,77,7.67,US,2022-12-08 19:53:19
134,Hamilton,39.1834,-84.5333,46.72,91,100,11.5,US,2022-12-08 19:51:12
135,Pevek,69.7008,170.3133,-19.01,95,77,3.76,RU,2022-12-08 19:48:25
136,Cape Town,-33.9258,18.4232,77.92,59,0,10.0,ZA,2022-12-08 19:53:10
137,Finschhafen,-6.6024,147.8681,79.75,81,100,7.38,PG,2022-12-08 19:53:20
138,Ponta Do Sol,32.6667,-17.1,67.01,85,90,17.63,PT,2022-12-08 19:53:20
139,Skibbereen,51.55,-9.2667,37.11,74,68,11.07,IE,2022-12-08 19:53:20
140,Muros,42.7762,-9.0603,56.08,93,100,7.54,ES,2022-12-08 19:54:21
141,Palmer,42.1584,-72.3287,49.66,61,75,6.91,US,2022-12-08 19:53:44
142,Champerico,14.3,-91.9167,90.14,69,1,6.98,GT,2022-12-08 19:54:22
143,Lorengau,-2.0226,147.2712,81.1,80,100,9.28,PG,2022-12-08 19:54:22
144,Pisco,-13.7,-76.2167,72.01,78,40,9.22,PE,2022-12-08 19:54:23
145,Talara,-4.5772,-81.2719,81.36,50,0,18.41,PE,2022-12-08 19:54:23
146,Guerrero Negro,27.9769,-114.0611,67.93,49,76,13.62,MX,2022-12-08 19:54:23
147,Klyuchi,52.2667,79.1667,-10.39,98,11,4.99,RU,2022-12-08 19:54:24
148,Puerto Ayora,-0.7393,-90.3518,82.36,84,67,5.01,EC,2022-12-08 19:54:24
149,Paita,-5.0892,-81.1144,72.0,68,99,16.58,PE,2022-12-08 19:54:25
150,Port Blair,11.6667,92.75,79.77,79,67,4.52,IN,2022-12-08 19:54:25
151,Yumen,40.2833,97.2,17.4,74,66,10.04,CN,2022-12-08 19:54:25
152,Wilmington,34.2257,-77.9447,66.11,80,100,0.0,US,2022-12-08 19:54:10
153,Peterhead,57.5058,-1.7981,37.51,71,84,25.23,GB,2022-12-08 19:54:26
154,Vanimo,-2.6741,141.3028,76.39,90,100,3.58,PG,2022-12-08 19:54:26
155,Midyat,37.4247,41.3393,44.02,72,14,4.92,TR,2022-12-08 19:54:26
156,Paamiut,61.994,-49.6678,25.45,74,100,11.07,GL,2022-12-08 19:54:27
157,Vardo,70.3705,31.1107,31.98,64,75,27.63,NO,2022-12-08 19:54:27
158,San Patricio,28.017,-97.5169,83.16,51,0,13.6,US,2022-12-08 19:54:28
159,Pangnirtung,66.1451,-65.7125,17.6,73,100,12.66,CA,2022-12-08 19:54:28
160,Los Llanos De Aridane,28.6585,-17.9182,65.95,94,40,5.75,ES,2022-12-08 19:53:15
161,Talnakh,69.4865,88.3972,-3.8,96,100,2.86,RU,2022-12-08 19:54:28
162,Lompoc,34.6391,-120.4579,61.52,68,0,1.01,US,2022-12-08 19:54:29
163,Beatrice,40.2681,-96.747,37.18,100,100,6.91,US,2022-12-08 19:54:29
164,Yellowknife,62.456,-114.3525,-8.45,77,100,18.41,CA,2022-12-08 19:54:00
165,Miquelon,47.0975,-56.3814,37.4,91,100,15.97,PM,2022-12-08 19:54:30
166,Castro,-24.7911,-50.0119,81.73,57,37,5.37,BR,2022-12-08 19:54:30
167,Itaocara,-21.6692,-42.0761,80.04,81,44,4.83,BR,2022-12-08 19:54:30
168,Sulangan,11.1373,123.7228,79.12,86,100,9.89,PH,2022-12-08 19:54:31
169,Itaituba,-4.2761,-55.9836,82.56,83,40,3.44,BR,2022-12-08 19:54:31
170,Kralendijk,12.15,-68.2667,82.38,65,40,9.22,BQ,2022-12-08 19:54:32
171,Vao,-22.6667,167.4833,77.67,80,0,13.51,NC,2022-12-08 19:54:32
172,Vestmannaeyjar,63.4427,-20.2734,28.58,58,5,14.9,IS,2022-12-08 19:54:33
173,Khatanga,71.9667,102.5,-20.47,94,100,1.19,RU,2022-12-08 19:54:33
174,Avarua,-21.2078,-159.775,80.65,89,20,8.05,CK,2022-12-08 19:54:33
175,Stephenville,32.2207,-98.2023,77.16,65,100,5.99,US,2022-12-08 19:54:34
176,Tautira,-17.7333,-149.15,78.82,80,46,12.73,PF,2022-12-08 19:54:34
177,Atasu,48.6814,71.6433,-9.33,100,95,3.06,KZ,2022-12-08 19:54:34
178,Gizo,-8.103,156.8419,82.51,73,100,4.97,SB,2022-12-08 19:54:35
179,Dikson,73.5069,80.5464,-0.89,91,96,18.97,RU,2022-12-08 19:54:35
180,Udachnyy,66.4167,112.4,-26.55,74,100,4.72,RU,2022-12-08 19:54:35
181,Seoul,37.5683,126.9778,40.44,83,75,4.61,KR,2022-12-08 19:49:50
182,Teya,60.3778,92.6267,4.59,90,100,11.43,RU,2022-12-08 19:54:36
183,Colares,38.7992,-9.4469,60.76,85,40,17.0,PT,2022-12-08 19:54:36
184,Fortuna,40.5982,-124.1573,47.66,92,75,20.71,US,2022-12-08 19:54:37
185,Shimoda,34.6667,138.95,51.73,71,54,6.06,JP,2022-12-08 19:53:55
186,Dudinka,69.4058,86.1778,-3.39,94,97,6.49,RU,2022-12-08 19:55:37
187,Maniitsoq,65.4167,-52.9,34.65,68,100,25.08,GL,2022-12-08 19:55:37
188,Bethel,41.3712,-73.414,51.67,60,64,3.0,US,2022-12-08 19:55:38
189,Lagos,6.5833,3.75,82.72,84,13,5.01,NG,2022-12-08 19:51:23
190,Meulaboh,4.1363,96.1285,75.15,89,100,6.13,ID,2022-12-08 19:55:38
191,Assiniboia,49.6334,-105.9845,22.82,58,11,5.75,CA,2022-12-08 19:55:38
192,La Ronge,55.1001,-105.2842,-7.35,71,75,8.05,CA,2022-12-08 19:55:39
193,Rabo De Peixe,37.8,-25.5833,59.27,100,40,8.05,PT,2022-12-08 19:55:39
194,Esmeraldas,-19.7625,-44.3139,86.86,74,89,4.36,BR,2022-12-08 19:55:40
195,Mehamn,71.0357,27.8492,30.15,69,75,17.27,NO,2022-12-08 19:55:40
196,Dunedin,-45.8742,170.5036,61.2,70,100,4.52,NZ,2022-12-08 19:52:01
197,Oranjemund,-28.55,16.4333,63.54,92,11,2.66,NA,2022-12-08 19:55:40
198,Flin Flon,54.7682,-101.865,-13.16,64,20,0.0,CA,2022-12-08 19:55:41
199,Quatre Cocos,-20.2078,57.7625,77.11,81,48,16.51,MU,2022-12-08 19:55:41
200,Kalmunai,7.4167,81.8167,71.47,68,100,10.89,LK,2022-12-08 19:55:41
201,Shubarkuduk,49.1447,56.4872,2.41,92,5,2.24,KZ,2022-12-08 19:55:42
202,Vlasotince,42.9636,22.1231,51.08,82,99,3.2,RS,2022-12-08 19:55:42
203,Ous,60.9058,61.5186,19.56,75,100,9.48,RU,2022-12-08 19:55:42
204,Tirumullaivasal,11.2333,79.8333,67.66,88,100,24.49,IN,2022-12-08 19:55:43
205,Goderich,43.7501,-81.7165,35.91,80,82,8.05,CA,2022-12-08 19:55:43
206,Kavaratti,10.5669,72.642,82.22,68,100,12.39,IN,2022-12-08 19:55:43
207,Manoel Urbano,-8.8389,-69.2597,86.92,64,94,3.62,BR,2022-12-08 19:55:44
208,Mahebourg,-20.4081,57.7,77.29,78,75,13.8,MU,2022-12-08 19:52:54
209,Mackay,-21.15,149.2,76.68,79,4,8.77,AU,2022-12-08 19:55:44
210,Aykhal,66.0,111.5,-20.54,96,97,4.79,RU,2022-12-08 19:55:44
211,Luzhou,28.8724,105.4405,50.94,69,76,1.3,CN,2022-12-08 19:55:45
212,Pakozd,47.2137,18.5331,38.71,82,100,5.93,HU,2022-12-08 19:55:45
213,Riyadh,24.6877,46.7219,66.34,73,3,10.4,SA,2022-12-08 19:55:45
214,Nikolskoye,59.7035,30.7861,28.29,85,100,12.84,RU,2022-12-08 19:55:46
215,Hualmay,-11.0964,-77.6139,70.81,72,100,9.98,PE,2022-12-08 19:55:46
216,Talaya,61.3833,152.75,-30.15,100,100,2.08,RU,2022-12-08 19:55:47
217,Gamba,-2.65,10.0,75.54,85,54,5.99,GA,2022-12-08 19:55:47
218,Ilebo,-4.3167,20.5833,68.45,100,100,1.61,CD,2022-12-08 19:55:47
219,Hofn,64.2539,-15.2082,29.17,58,6,21.54,IS,2022-12-08 19:55:48
220,Heihe,50.2441,127.4902,-5.22,100,18,1.5,CN,2022-12-08 19:55:48
221,Hambantota,6.1241,81.1185,75.09,69,100,15.95,LK,2022-12-08 19:55:48
222,Wanaka,-44.7,169.15,56.1,80,100,3.0,NZ,2022-12-08 19:55:49
223,Ordynskoye,54.3656,81.8994,-5.85,96,23,5.79,RU,2022-12-08 19:55:49
224,Sabang,5.8933,95.3214,76.48,85,100,8.23,ID,2022-12-08 19:55:49
225,Mattru,7.6244,-11.8332,76.87,87,17,3.76,SL,2022-12-08 19:55:50
226,Miranda,3.2499,-76.2281,78.93,76,68,3.49,CO,2022-12-08 19:55:50
227,Lebu,-37.6167,-73.65,64.72,79,92,9.62,CL,2022-12-08 19:55:51
228,Zhigalovo,54.8097,105.1578,7.14,90,100,6.13,RU,2022-12-08 19:55:51
229,Cockburn Town,21.4612,-71.1419,76.96,69,40,11.5,TC,2022-12-08 19:55:51
230,Boca Do Acre,-8.7522,-67.3978,81.12,81,100,4.07,BR,2022-12-08 19:55:52
231,Zalantun,48.0,122.7167,8.69,77,100,9.75,CN,2022-12-08 19:55:52
232,Coari,-4.085,-63.1414,81.0,89,25,3.09,BR,2022-12-08 19:55:52
233,Taybad,34.74,60.7756,34.63,66,100,7.63,IR,2022-12-08 19:56:53
234,Axams,47.2081,11.2869,23.29,85,0,2.3,AT,2022-12-08 19:56:53
235,Tuatapere,-46.1333,167.6833,57.74,89,100,2.57,NZ,2022-12-08 19:56:54
236,Athabasca,54.7169,-113.2854,10.81,83,99,8.19,CA,2022-12-08 19:55:59
237,Avera,33.194,-82.5271,77.38,54,27,9.35,US,2022-12-08 19:56:54
238,Torbay,47.6666,-52.7314,39.76,97,100,6.91,CA,2022-12-08 19:56:54
239,Northam,51.0333,-4.2167,37.26,80,90,5.28,GB,2022-12-08 19:56:55
240,Hirara,24.8,125.2833,74.08,86,100,12.8,JP,2022-12-08 19:56:55
241,Ballina,-28.8667,153.5667,68.02,88,100,13.6,AU,2022-12-08 19:56:55
242,Luwuk,-0.9516,122.7875,75.72,71,86,3.91,ID,2022-12-08 19:56:56
243,Kati,12.7441,-8.0726,81.81,18,0,4.0,ML,2022-12-08 19:56:56
244,Anchorage,61.2181,-149.9003,16.63,88,57,4.0,US,2022-12-08 19:56:57
245,Lagoa,39.05,-27.9833,59.13,75,51,22.75,PT,2022-12-08 19:56:57
246,Manado,1.487,124.8455,74.17,100,40,3.44,ID,2022-12-08 19:56:57
247,Weligama,5.9667,80.4167,71.87,77,100,10.51,LK,2022-12-08 19:56:58
248,Cherskiy,68.75,161.3,-22.85,90,31,3.8,RU,2022-12-08 19:56:58
249,Te Anau,-45.4167,167.7167,53.44,96,100,1.61,NZ,2022-12-08 19:56:59
250,Havelock,34.8791,-76.9013,67.98,75,99,4.0,US,2022-12-08 19:56:59
251,Pinczow,50.5205,20.5265,37.85,86,100,2.21,PL,2022-12-08 19:57:00
252,Haimen,23.1935,116.6142,58.89,81,0,7.92,CN,2022-12-08 19:57:00
253,Cervo,43.6702,-7.4101,53.96,91,100,9.1,ES,2022-12-08 19:57:00
254,Port Lincoln,-34.7333,135.8667,59.05,70,100,15.84,AU,2022-12-08 19:57:01
255,Ayan,56.45,138.1667,2.03,62,66,17.43,RU,2022-12-08 19:57:01
256,Muchkapskiy,51.8513,42.4717,20.8,90,100,16.06,RU,2022-12-08 19:57:02
257,Buarcos,40.166,-8.8768,56.66,88,100,16.96,PT,2022-12-08 19:57:02
258,Pontianak,-0.0333,109.3333,75.18,100,100,3.44,ID,2022-12-08 19:57:03
259,Dayong,25.0209,118.2898,58.73,88,3,4.18,CN,2022-12-08 19:57:04
260,Jardim,-21.4803,-56.1381,94.59,41,59,4.61,BR,2022-12-08 19:57:04
261,Daru,-9.0763,143.2092,79.11,84,100,3.13,PG,2022-12-08 19:57:05
262,Ulcinj,41.9294,19.2244,58.98,87,90,4.07,ME,2022-12-08 19:57:05
263,Nantucket,41.2835,-70.0995,51.1,77,50,22.77,US,2022-12-08 19:57:05
264,Laguna,38.421,-121.4238,57.18,73,100,4.0,US,2022-12-08 19:57:06
265,Kununurra,-15.7667,128.7333,78.78,89,9,0.0,AU,2022-12-08 19:57:06
266,Staryy Nadym,65.6118,72.6842,-2.36,95,100,20.47,RU,2022-12-08 19:57:06
267,Bin Qirdan,33.1378,11.2197,66.47,33,26,8.39,TN,2022-12-08 19:57:07
268,Ancud,-41.8697,-73.8203,57.97,90,97,21.45,CL,2022-12-08 19:57:07
269,Aksarka,66.5606,67.7975,-14.33,86,81,15.28,RU,2022-12-08 19:57:08
270,Huarmey,-10.0681,-78.1522,70.16,75,74,9.89,PE,2022-12-08 19:52:27
271,Portland,45.5234,-122.6762,45.28,93,100,14.97,US,2022-12-08 19:57:08
272,Yar-Sale,66.8333,70.8333,-19.19,93,98,16.35,RU,2022-12-08 19:57:09
273,Ulladulla,-35.35,150.4667,51.76,62,1,4.27,AU,2022-12-08 19:57:09
274,Tasiilaq,65.6145,-37.6368,11.41,63,28,3.89,GL,2022-12-08 19:57:09
275,Gornopravdinsk,60.05,69.9,13.39,94,100,9.15,RU,2022-12-08 19:58:10
276,Yenagoa,4.9247,6.2642,77.94,79,25,5.53,NG,2022-12-08 19:58:10
277,Jumla,29.2747,82.1838,40.86,27,0,5.26,NP,2022-12-08 19:58:10
278,Manaure,11.7751,-72.4445,81.97,65,94,12.01,CO,2022-12-08 19:58:11
279,Casablanca,33.5928,-7.6192,66.22,77,40,9.22,MA,2022-12-08 19:57:39
280,Namatanai,-3.6667,152.4333,79.2,82,100,4.29,PG,2022-12-08 19:58:11
281,Waycross,31.2136,-82.354,80.98,59,40,6.91,US,2022-12-08 19:58:12
282,Henties Bay,-22.116,14.2845,59.92,89,0,7.92,NA,2022-12-08 19:58:12
283,Northampton,40.8754,-75.2499,47.77,61,100,1.01,US,2022-12-08 19:58:13
284,Haines Junction,60.7522,-137.5108,21.15,68,100,8.05,CA,2022-12-08 19:58:13
285,Savantvadi,15.9,73.8167,68.16,48,100,5.48,IN,2022-12-08 19:58:13
286,East London,-33.0153,27.9116,74.1,96,99,19.33,ZA,2022-12-08 19:58:14
287,Nakamura,32.9833,132.9333,43.3,71,0,3.67,JP,2022-12-08 19:58:14
288,Ostrovnoy,68.0531,39.5131,29.08,92,100,28.16,RU,2022-12-08 19:58:14
289,Baykit,61.67,96.37,6.31,93,100,9.26,RU,2022-12-08 19:58:15
290,Koscierzyna,54.1223,17.9812,31.91,94,99,3.44,PL,2022-12-08 19:58:15
291,Marrakesh,31.6315,-8.0083,60.87,88,75,3.44,MA,2022-12-08 19:56:37
292,Caravelas,-17.7125,-39.2481,79.5,80,14,9.55,BR,2022-12-08 19:58:16
293,Wattegama,6.7989,81.4808,68.77,70,100,0.98,LK,2022-12-08 19:58:16
294,Dublin,37.7021,-121.9358,55.92,72,0,8.05,US,2022-12-08 19:58:17
295,Homer,59.6425,-151.5483,18.99,82,11,6.24,US,2022-12-08 19:58:17
296,Port Hedland,-20.3167,118.5667,77.05,88,0,10.36,AU,2022-12-08 19:58:17
297,Itoman,26.1247,127.6694,71.62,68,99,21.85,JP,2022-12-08 19:58:18
298,Lagunas,-5.2269,-75.6753,92.28,44,100,1.5,PE,2022-12-08 19:58:18
299,Constitucion,-35.3333,-72.4167,70.14,74,22,13.2,CL,2022-12-08 19:57:42
300,Lebyazhye,55.2689,66.4947,10.33,91,100,7.9,RU,2022-12-08 19:58:19
301,Pangai,-19.8,-174.35,77.11,88,100,2.3,TO,2022-12-08 19:58:19
302,Sangmelima,2.9333,11.9833,70.11,83,96,3.0,CM,2022-12-08 19:58:20
303,Polunochnoye,60.8697,60.4153,17.74,70,100,7.78,RU,2022-12-08 19:58:20
304,Zhangye,38.9342,100.4517,23.23,61,60,8.63,CN,2022-12-08 19:58:21
305,Raahe,64.6833,24.4833,23.09,90,100,14.25,FI,2022-12-08 19:58:21
306,Belaya Gora,68.5333,146.4167,-37.48,100,100,1.88,RU,2022-12-08 19:58:21
307,Ippy,6.2679,21.2247,75.94,38,91,3.11,CF,2022-12-08 19:58:22
308,Axim,4.8699,-2.2405,79.52,82,6,7.85,GH,2022-12-08 19:58:22
309,Winneba,5.3511,-0.6231,79.68,83,18,5.59,GH,2022-12-08 19:58:23
310,Ternate,0.8,127.4,80.78,78,79,3.87,ID,2022-12-08 19:58:23
311,Pangody,65.85,74.4859,-3.53,98,100,17.6,RU,2022-12-08 19:58:24
312,Nova Olinda Do Norte,-3.8881,-59.0942,94.48,38,52,3.67,BR,2022-12-08 19:58:24
313,Saldanha,-33.0117,17.9442,66.13,88,1,8.28,ZA,2022-12-08 19:58:24
314,Matagami,49.7502,-77.6328,5.11,85,75,5.75,CA,2022-12-08 19:58:25
315,Kayes,14.0,-11.0,88.12,16,0,7.87,ML,2022-12-08 19:58:25
316,Tommot,58.9564,126.2925,-20.47,99,100,1.21,RU,2022-12-08 19:53:54
317,Iqaluit,63.7506,-68.5145,6.53,71,75,8.05,CA,2022-12-08 19:58:26
318,Jishu,44.3167,126.8,14.13,87,16,6.93,CN,2022-12-08 19:58:26
319,Caete,-19.88,-43.6697,85.23,79,39,1.23,BR,2022-12-08 19:58:27
320,Tatvan,38.5067,42.2817,34.38,86,63,0.45,TR,2022-12-08 19:58:27
321,Taebla,58.9547,23.7419,32.99,89,29,4.41,EE,2022-12-08 19:59:28
322,Lima,-12.0432,-77.0282,71.85,60,75,12.66,PE,2022-12-08 19:57:11
323,Berlevag,70.8578,29.0864,30.2,80,75,20.71,NO,2022-12-08 19:59:28
324,Aktas,49.7789,72.9608,-22.25,100,96,4.18,KZ,2022-12-08 19:59:29
325,Vorkuta,67.5,64.0,-27.54,100,80,4.92,RU,2022-12-08 19:59:29
326,Bozova,37.3625,38.5267,49.12,70,94,1.12,TR,2022-12-08 19:59:29
327,Saint George,37.1041,-113.5841,47.43,66,0,3.0,US,2022-12-08 19:55:40
328,Pucallpa,-8.3791,-74.5539,87.84,58,40,4.61,PE,2022-12-08 19:58:17
329,Mitsamiouli,-11.3847,43.2844,79.92,76,2,1.52,KM,2022-12-08 19:59:30
330,Bilibino,68.0546,166.4372,-20.11,91,34,5.01,RU,2022-12-08 19:59:30
331,Coihaique,-45.5752,-72.0662,59.61,58,75,10.36,CL,2022-12-08 19:59:31
332,Mountain Home,43.133,-115.6912,33.22,61,50,13.73,US,2022-12-08 19:59:31
333,Dauphin,51.1494,-100.0502,10.54,72,100,10.36,CA,2022-12-08 19:59:32
334,Chiantla,15.3547,-91.4583,69.39,52,40,20.71,GT,2022-12-08 19:57:17
335,Faanui,-16.4833,-151.75,80.49,77,100,14.47,PF,2022-12-08 19:59:32
336,Ocos,14.5094,-92.1933,87.98,69,5,6.17,GT,2022-12-08 19:59:32
337,Chapleau,47.8405,-83.4034,10.49,92,75,3.44,CA,2022-12-08 19:59:33
338,Viedma,-40.8135,-62.9967,91.63,9,0,27.02,AR,2022-12-08 19:59:33
339,Sao Filipe,14.8961,-24.4956,76.84,76,7,8.7,CV,2022-12-08 19:59:34
340,Nebaj,15.4058,-91.1461,70.38,53,38,6.53,GT,2022-12-08 19:59:34
341,Korla,41.7597,86.1469,23.9,55,72,6.02,CN,2022-12-08 19:59:34
342,Bogorodskoye,56.55,37.8833,20.25,93,99,11.74,RU,2022-12-08 19:59:35
343,North Bend,43.4065,-124.2243,43.92,99,100,4.88,US,2022-12-08 19:59:35
344,Isla Mujeres,21.2311,-86.731,82.45,64,3,12.28,MX,2022-12-08 19:58:55
345,Arman,59.7,150.1667,-6.2,91,100,8.12,RU,2022-12-08 19:59:36
346,Waddan,29.1614,16.139,64.89,24,0,2.51,LY,2022-12-08 19:59:36
347,Aklavik,68.2191,-135.0107,-23.8,69,20,8.05,CA,2022-12-08 19:59:36
348,Amahai,-3.3333,128.9167,78.01,83,97,1.92,ID,2022-12-08 19:59:37
349,Vila Do Maio,15.1333,-23.2167,77.79,74,3,12.75,CV,2022-12-08 19:59:37
350,Inta,66.0317,60.1659,-19.28,99,10,1.77,RU,2022-12-08 19:59:37
351,Mezen,65.8522,44.24,15.84,94,100,7.56,RU,2022-12-08 19:59:37
352,Guiratinga,-16.3494,-53.7583,90.77,40,100,3.53,BR,2022-12-08 19:59:38
353,Orizaba,18.85,-97.1,72.46,52,0,7.49,MX,2022-12-08 19:59:38
354,Nizhniy Ingash,56.2,96.53,10.85,75,100,13.2,RU,2022-12-08 19:59:38
355,Rocha,-34.4833,-54.3333,89.51,33,0,12.01,UY,2022-12-08 19:59:39
356,Corinth,37.9407,22.9573,58.89,84,6,3.04,GR,2022-12-08 19:59:40
357,Buckeye,33.3703,-112.5838,67.69,41,3,3.44,US,2022-12-08 19:59:40
358,Aldan,58.6031,125.3894,-6.34,98,100,5.1,RU,2022-12-08 19:59:40
359,Hobart,-42.8794,147.3294,49.26,79,40,9.22,AU,2022-12-08 19:59:41
360,Vostok,46.4856,135.8833,-1.98,98,99,4.99,RU,2022-12-08 19:59:41
361,Marfino,55.7028,37.3822,23.16,92,100,11.18,RU,2022-12-08 19:59:41
362,Anadyr,64.75,177.4833,14.5,48,40,13.42,RU,2022-12-08 19:59:42
363,Varsag,46.5167,25.35,33.17,87,100,2.59,RO,2022-12-08 19:59:42
364,Brae,60.3964,-1.353,41.65,71,99,27.49,GB,2022-12-08 19:59:43
365,Sereflikochisar,38.9393,33.5386,48.18,66,6,7.23,TR,2022-12-08 19:59:43
366,Neijiang,29.5835,105.0622,49.62,67,84,2.64,CN,2022-12-08 19:59:43
367,Kaspiysk,42.8816,47.6392,41.23,80,100,22.37,RU,2022-12-08 19:59:44
368,Lavrentiya,65.5833,-171.0,7.48,82,97,6.42,RU,2022-12-08 20:00:44
369,Iralaya,15.0,-83.2333,80.15,73,2,10.09,HN,2022-12-08 20:00:45
370,Acajutla,13.5928,-89.8275,85.28,54,0,6.26,SV,2022-12-08 20:00:46
371,Nanortalik,60.1432,-45.2371,24.6,79,64,6.78,GL,2022-12-08 20:00:46
372,Masuguru,-11.3667,38.4167,80.04,65,31,8.68,TZ,2022-12-08 20:00:47
373,Hami,42.8,93.45,22.12,49,26,5.75,CN,2022-12-08 20:00:47
374,Portage,41.1667,-81.1998,46.18,80,100,4.61,US,2022-12-08 20:00:48
375,Ibra,22.6906,58.5334,67.32,51,0,2.37,OM,2022-12-08 19:56:21
376,Greenfield,42.9614,-88.0126,37.26,71,100,6.91,US,2022-12-08 19:59:53
377,Guarapari,-20.6667,-40.4975,76.89,88,33,8.63,BR,2022-12-08 19:56:05
378,Blackwater,-23.5833,148.8833,74.34,51,0,10.65,AU,2022-12-08 20:00:49
379,Sorong,-0.8833,131.25,77.38,87,36,5.82,ID,2022-12-08 20:00:49
380,Tabou,4.423,-7.3528,78.57,83,8,5.06,CI,2022-12-08 19:57:57
381,Sheboygan,43.7333,-87.9334,34.38,75,88,5.93,US,2022-12-08 20:00:02
382,Saint-Joseph,-21.3667,55.6167,75.58,80,22,12.01,RE,2022-12-08 20:00:50
383,Natal,-5.795,-35.2094,83.05,69,0,14.97,BR,2022-12-08 19:58:45
384,Necochea,-38.5473,-58.7368,79.21,33,0,18.34,AR,2022-12-08 20:00:50
385,Juegang,32.3174,121.1855,55.98,88,100,7.11,CN,2022-12-08 20:00:50
386,Najran,17.4924,44.1277,62.53,31,6,2.82,SA,2022-12-08 20:00:51
387,Souillac,-20.5167,57.5167,76.19,82,26,16.08,MU,2022-12-08 20:00:52
388,Kyzyl-Mazhalyk,51.1333,90.6,-19.79,93,58,0.63,RU,2022-12-08 20:00:52
389,Gat,31.61,34.7642,60.4,75,74,4.41,IL,2022-12-08 20:00:52
390,Lakes Entrance,-37.8811,147.981,50.16,73,21,12.15,AU,2022-12-08 20:00:53
391,Imperia,43.9667,7.7833,45.0,90,100,2.77,IT,2022-12-08 20:00:53
392,Balabac,7.9868,117.0645,79.75,75,100,3.42,PH,2022-12-08 20:00:54
393,Les Cayes,18.2,-73.75,82.63,46,0,12.48,HT,2022-12-08 20:00:54
394,Haifa,32.8156,34.9892,63.28,82,0,3.44,IL,2022-12-08 20:00:55
395,Severo-Kurilsk,50.6789,156.125,23.11,59,75,9.86,RU,2022-12-08 20:00:55
396,Vila Franca Do Campo,37.7167,-25.4333,60.19,85,61,8.84,PT,2022-12-08 20:00:56
397,Dicabisagan,17.0818,122.4157,76.33,90,100,6.76,PH,2022-12-08 20:00:56
398,Inhambane,-23.865,35.3833,77.56,83,7,10.76,MZ,2022-12-08 20:00:57
399,Rusape,-18.5278,32.1284,63.86,90,81,7.45,ZW,2022-12-08 20:00:58
400,Tres Picos,15.8667,-93.5333,90.23,39,0,2.35,MX,2022-12-08 20:00:58
401,Ipilan,8.8431,117.9033,78.69,78,95,2.86,PH,2022-12-08 20:00:59
402,Dalvik,65.9702,-18.5286,28.26,85,100,15.75,IS,2022-12-08 20:00:59
403,Manggar,-2.8833,108.2667,77.61,84,100,4.74,ID,2022-12-08 20:00:59
404,Puerto Lopez,4.0845,-72.956,84.61,56,33,6.11,CO,2022-12-08 20:01:00
405,Katherine,-14.4667,132.2667,80.92,74,57,5.75,AU,2022-12-08 20:01:00
406,Sao Felix Do Xingu,-6.6447,-51.995,89.64,55,90,0.83,BR,2022-12-08 20:01:01
407,Kenai,60.5544,-151.2583,11.34,83,30,2.75,US,2022-12-08 20:01:01
408,Atambua,-9.1061,124.8925,72.36,86,100,4.05,ID,2022-12-08 20:01:02
409,Bukama,-9.2,25.85,68.54,98,100,2.62,CD,2022-12-08 20:01:04
410,Alice Springs,-23.7,133.8833,69.35,23,8,6.91,AU,2022-12-08 20:01:05
411,Tres Arroyos,-38.3739,-60.2798,92.8,10,0,20.54,AR,2022-12-08 20:01:06
412,Bilma,18.6853,12.9164,69.57,17,32,5.59,NE,2022-12-08 20:01:06
413,Tsumeb,-19.2333,17.7167,82.22,29,83,10.13,NA,2022-12-08 20:02:07
414,Tessalit,20.1986,1.0114,75.72,15,0,11.81,ML,2022-12-08 20:02:07
415,Palmas Bellas,9.2319,-80.0867,84.25,74,9,12.21,PA,2022-12-08 20:02:08
416,Tilichiki,60.4667,166.1,20.7,95,100,8.28,RU,2022-12-08 20:02:08
417,Waitati,-45.75,170.5667,63.81,71,100,4.68,NZ,2022-12-08 20:02:08
418,Capreol,46.706,-80.9225,21.54,62,5,2.62,CA,2022-12-08 20:02:09
419,Kedrovyy,56.1667,91.8167,9.01,84,88,8.37,RU,2022-12-08 20:02:09
420,Salinopolis,-0.6136,-47.3561,82.53,71,87,9.57,BR,2022-12-08 20:02:10
421,Phalaborwa,-23.943,31.1411,76.68,68,67,11.16,ZA,2022-12-08 20:02:10
422,San Matias,-16.3667,-58.4,98.02,33,94,3.87,BO,2022-12-08 20:02:10
423,Kloulklubed,7.0419,134.2556,82.22,79,100,13.4,PW,2022-12-08 20:02:11
424,Tiksi,71.6872,128.8694,-7.1,100,100,0.94,RU,2022-12-08 20:02:12
425,Huntsville,34.7304,-86.5861,72.82,83,100,10.36,US,2022-12-08 20:01:56
426,Nikki,9.9401,3.2108,78.3,24,0,4.81,BJ,2022-12-08 20:02:12
427,Camacha,33.0833,-16.3333,63.82,68,40,18.41,PT,2022-12-08 20:02:12
428,Port-Cartier,50.0334,-66.8654,36.75,78,29,13.91,CA,2022-12-08 20:02:13
429,Narsaq,60.9167,-46.05,23.22,73,100,7.11,GL,2022-12-08 20:02:13
430,Yanji,42.9075,129.5078,14.59,88,3,2.57,CN,2022-12-08 20:02:14
431,Margate,51.3813,1.3862,34.7,80,14,1.99,GB,2022-12-08 20:02:15
432,Naze,28.3667,129.4833,64.36,70,100,12.06,JP,2022-12-08 20:02:15
433,Tonantins,-2.8731,-67.8022,74.93,95,100,0.34,BR,2022-12-08 20:02:15
434,Nome,64.5011,-165.4064,6.87,96,64,4.32,US,2022-12-08 20:02:16
435,Orlik,52.5178,99.825,-16.76,93,35,3.13,RU,2022-12-08 20:02:16
436,Merauke,-8.4667,140.3333,77.63,90,100,8.99,ID,2022-12-08 20:02:17
437,Mananjary,-21.2167,48.3333,75.11,81,35,2.44,MG,2022-12-08 20:02:17
438,Cuamba,-14.8031,36.5372,74.23,77,93,2.06,MZ,2022-12-08 20:02:18
439,Chimbote,-9.0853,-78.5783,70.03,71,64,10.74,PE,2022-12-08 20:01:13
440,Petropavlovsk-Kamchatskiy,53.0452,158.6483,9.19,79,75,6.71,RU,2022-12-08 20:02:19
441,Wanxian,30.8039,108.3897,50.92,72,82,0.49,CN,2022-12-08 20:02:19
442,Namtsy,62.7161,129.6658,-20.83,96,100,6.42,RU,2022-12-08 20:02:20
443,Bathsheba,13.2167,-59.5167,82.06,72,98,10.4,BB,2022-12-08 20:02:20
444,Bakong,5.0935,10.4852,66.25,48,100,2.68,CM,2022-12-08 20:02:20
445,Cayenne,4.9333,-52.3333,86.04,66,100,9.22,GF,2022-12-08 20:01:06
446,Beringovskiy,63.05,179.3167,11.86,95,99,4.9,RU,2022-12-08 20:02:21
447,Bud,39.447,-86.1758,44.67,93,100,7.65,US,2022-12-08 20:02:21
448,Buala,-8.145,159.5921,80.24,81,100,4.34,SB,2022-12-08 20:02:21
449,Mineiros,-17.5694,-52.5511,82.4,53,100,3.18,BR,2022-12-08 20:02:22
450,Ornskoldsvik,63.2909,18.7153,23.95,93,100,8.05,SE,2022-12-08 20:02:22
451,Fort Nelson,58.8053,-122.7002,3.49,90,100,3.22,CA,2022-12-08 20:02:23
452,Kasongo,-4.45,26.6667,67.68,99,100,2.3,CD,2022-12-08 20:02:23
453,Rawson,-43.3002,-65.1023,84.18,17,78,32.21,AR,2022-12-08 20:02:24
454,Huaidian,33.4333,115.0333,46.33,77,100,4.0,CN,2022-12-08 20:02:24
455,Prachuap Khiri Khan,12.2167,99.75,69.85,89,34,3.4,TH,2022-12-08 20:02:25
456,Zaykovo,57.5613,62.7568,13.73,78,75,10.18,RU,2022-12-08 20:02:25
457,Vamdrup,55.4276,9.2844,30.06,100,83,0.0,DK,2022-12-08 20:02:26
458,Sioux Lookout,50.1001,-91.917,15.69,83,100,5.1,CA,2022-12-08 20:02:26
459,Black River,18.0264,-77.8487,83.26,57,53,5.23,JM,2022-12-08 20:02:26
460,Zhigansk,66.7697,123.3711,-19.46,98,100,0.81,RU,2022-12-08 20:02:27
461,Batagay,67.6333,134.6333,-24.07,98,100,2.89,RU,2022-12-08 20:03:28
462,Jiangkou,25.4872,119.1986,58.68,86,3,7.0,CN,2022-12-08 20:03:28
463,Ayton,44.0501,-80.9164,31.17,80,77,6.62,CA,2022-12-08 20:03:29
464,Jeremie,18.65,-74.1167,79.29,59,1,7.94,HT,2022-12-08 20:03:29
465,Qandala,11.472,49.8728,75.74,71,97,4.65,SO,2022-12-08 20:03:29
466,Hay River,60.8156,-115.7999,-4.04,71,75,10.36,CA,2022-12-08 20:00:08
467,Djibo,14.1022,-1.6306,79.81,13,0,10.09,BF,2022-12-08 20:03:30
468,Maple Creek,49.9168,-109.4848,28.54,72,64,13.51,CA,2022-12-08 20:03:31
469,Ahipara,-35.1667,173.1667,66.25,98,100,5.1,NZ,2022-12-08 20:03:29
470,Zhuhai,22.2769,113.5678,64.18,77,0,14.97,CN,2022-12-08 20:00:12
471,Moron,-34.6534,-58.6198,95.99,35,0,4.94,AR,2022-12-08 20:03:32
472,Walvis Bay,-22.9575,14.5053,62.1,81,0,10.56,NA,2022-12-08 20:03:32
473,Sabzevar,36.2126,57.6819,40.23,54,9,3.06,IR,2022-12-08 20:03:32
474,Igarka,67.4667,86.5833,3.13,96,100,8.43,RU,2022-12-08 20:03:32
475,Lodwar,3.1191,35.5973,83.26,47,96,12.37,KE,2022-12-08 20:03:33
476,Tupik,54.4253,119.9327,-13.27,96,100,1.86,RU,2022-12-08 20:03:33
477,College,64.8569,-147.8028,19.35,86,100,6.91,US,2022-12-08 20:03:34
478,Xuddur,4.1213,43.8894,76.23,74,94,15.86,SO,2022-12-08 20:03:34
479,Olafsvik,64.8945,-23.7142,32.29,66,72,26.55,IS,2022-12-08 20:03:34
480,Urdoma,61.7533,48.5442,10.11,86,12,7.87,RU,2022-12-08 20:03:35
481,Yermakovskoye,53.2831,92.4003,-12.62,99,19,1.61,RU,2022-12-08 20:03:35
482,Dire Dawa,9.5931,41.8661,65.08,57,26,0.34,ET,2022-12-08 20:03:35
483,Zatoka,46.0725,30.4654,48.61,95,100,3.09,UA,2022-12-08 20:03:36
484,Beloha,-25.1667,45.05,74.35,74,2,17.49,MG,2022-12-08 20:03:36
485,Nyurba,63.2842,118.3319,-33.47,99,100,4.59,RU,2022-12-08 20:03:36
486,La Gomera,14.0833,-91.05,89.31,53,0,6.69,GT,2022-12-08 20:03:37
487,Bosaso,11.2842,49.1816,74.91,77,99,2.66,SO,2022-12-08 20:03:31
488,Oranjestad,12.524,-70.027,83.91,64,87,1.01,AW,2022-12-08 20:03:37
489,Iguape,-24.7081,-47.5553,78.26,68,0,8.41,BR,2022-12-08 20:03:38
490,Kesova Gora,57.5836,37.2922,19.45,94,100,12.84,RU,2022-12-08 20:03:38
491,Navolato,24.7672,-107.6944,90.64,33,9,13.24,MX,2022-12-08 20:03:38
492,Demba,-5.51,22.2667,64.47,100,94,1.39,CD,2022-12-08 20:03:39
493,Casa Grande,32.8795,-111.7573,63.79,60,0,4.61,US,2022-12-08 20:01:55
494,Basco,20.4487,121.9702,78.42,83,95,19.08,PH,2022-12-08 20:03:40
495,Todos Santos,23.45,-110.2167,86.05,56,25,11.86,MX,2022-12-08 20:03:40
496,San Julian,21.0167,-102.1667,71.58,19,0,5.77,MX,2022-12-08 20:03:40
497,Chicama,-7.8447,-79.1469,74.59,57,12,10.92,PE,2022-12-08 20:03:41
498,Ugoofaaru,5.6667,73.0,81.01,77,100,10.07,MV,2022-12-08 20:03:41
499,Sawtell,-30.3833,153.1,63.19,88,100,6.91,AU,2022-12-08 20:03:42
500,Quelimane,-17.8786,36.8883,78.35,86,0,6.8,MZ,2022-12-08 20:03:42
501,Sinnamary,5.3833,-52.95,80.55,80,100,7.31,GF,2022-12-08 20:03:42
502,Payakumbuh,-0.2202,100.6308,68.74,98,100,2.66,ID,2022-12-08 20:03:43
503,Izhma,65.0083,53.9113,13.06,96,100,4.25,RU,2022-12-08 20:03:43
504,Villa Constitucion,-33.2278,-60.3297,107.29,15,0,4.74,AR,2022-12-08 20:03:43
505,Indianola,41.3581,-93.5574,37.65,63,97,10.96,US,2022-12-08 20:03:44
506,Maniwaki,46.3834,-75.966,29.23,60,6,5.84,CA,2022-12-08 20:03:44
507,Nabire,-3.3667,135.4833,76.32,84,100,2.59,ID,2022-12-08 20:04:44
508,Ulety,51.3572,112.4849,8.96,82,100,11.77,RU,2022-12-08 20:04:45
509,Talcahuano,-36.7167,-73.1167,64.08,94,75,10.36,CL,2022-12-08 20:04:45
510,Strelka,58.0728,93.0344,5.4,89,100,11.01,RU,2022-12-08 20:04:45
511,Karratha,-20.7377,116.8463,77.81,46,0,12.88,AU,2022-12-08 20:04:46
512,Kahului,20.8947,-156.47,79.84,74,20,24.16,US,2022-12-08 20:04:46
513,Hailar,49.2,119.7,0.95,93,100,10.49,CN,2022-12-08 20:04:46
514,Taytayan,7.7339,126.5019,76.64,86,100,3.78,PH,2022-12-08 20:04:47
515,Praia Da Vitoria,38.7333,-27.0667,58.75,88,57,19.06,PT,2022-12-08 20:04:47
516,Yulara,-25.2406,130.9889,81.05,16,19,17.67,AU,2022-12-08 20:04:47
517,Kalat,29.0225,66.5916,42.78,59,3,1.21,PK,2022-12-08 20:04:48
518,Conde,-7.2597,-34.9075,81.86,65,0,10.36,BR,2022-12-08 20:04:48
519,Povarovo,56.0667,37.05,22.64,95,100,8.59,RU,2022-12-08 20:04:48
520,Stromness,58.965,-3.296,37.36,72,100,38.36,GB,2022-12-08 20:04:49
521,Pauini,-7.7136,-66.9764,82.33,77,88,4.27,BR,2022-12-08 20:04:49
522,Itarema,-2.9248,-39.9167,81.86,69,79,16.58,BR,2022-12-08 20:04:49
523,Qalyub,30.1792,31.2056,65.19,52,52,2.64,EG,2022-12-08 20:04:50
524,Guhagar,17.4842,73.1929,70.02,55,100,5.41,IN,2022-12-08 20:04:50
525,Kailua,21.4022,-157.7394,78.91,76,89,10.0,US,2022-12-08 20:03:57
526,Turayf,31.6725,38.6637,55.94,61,7,7.56,SA,2022-12-08 20:04:50
527,Marinette,45.1,-87.6307,32.45,59,12,2.51,US,2022-12-08 20:04:51
528,Jacareacanga,-6.2222,-57.7528,90.12,50,100,1.5,BR,2022-12-08 20:04:51
529,Aguimes,27.9054,-15.4461,68.63,78,20,5.75,ES,2022-12-08 20:04:51
530,Sakaiminato,35.55,133.2333,49.35,64,5,8.08,JP,2022-12-08 20:04:52
531,Ponta Delgada,37.7333,-25.6667,60.49,82,40,8.05,PT,2022-12-08 20:04:52
532,Asau,46.4333,26.4,34.72,87,100,1.36,RO,2022-12-08 20:04:53
533,Sefophe,-22.1833,27.9667,76.71,57,27,11.16,BW,2022-12-08 20:04:53
534,Ilulissat,69.2167,-51.1,41.02,42,75,19.57,GL,2022-12-08 20:03:30
535,Touros,-5.1989,-35.4608,80.53,73,100,13.29,BR,2022-12-08 20:04:53
536,Newport,51.5877,-2.9984,36.45,75,57,6.93,GB,2022-12-08 20:02:00
537,Aloleng,16.1307,119.7824,79.3,85,100,6.11,PH,2022-12-08 20:04:54
538,Am Timan,11.0297,20.2827,76.84,18,100,3.91,TD,2022-12-08 20:04:54
539,Filingue,14.3521,3.3168,78.39,13,1,10.8,NE,2022-12-08 20:04:54
540,Altay,47.8667,88.1167,0.32,56,1,8.12,CN,2022-12-08 20:04:55
541,Baza,37.4907,-2.7726,56.57,72,92,8.01,ES,2022-12-08 20:04:55
542,Rio Claro,-22.4114,-47.5614,84.13,45,0,4.5,BR,2022-12-08 20:04:55
543,Kysyl-Syr,63.8986,122.7617,-23.37,97,100,6.62,RU,2022-12-08 20:04:56
544,Robertsport,6.7533,-11.3686,80.29,81,29,7.23,LR,2022-12-08 20:04:56
545,Tagusao,9.1924,117.8141,79.74,75,100,1.28,PH,2022-12-08 20:04:57
546,Soverato,38.685,16.5499,58.15,76,50,5.57,IT,2022-12-08 20:04:57
547,Provideniya,64.3833,-173.3,14.36,79,20,0.0,RU,2022-12-08 20:03:36
548,Kurilsk,45.2333,147.8833,26.85,62,99,11.65,RU,2022-12-08 20:04:58
549,Obidos,-1.9175,-55.5181,91.72,41,96,4.81,BR,2022-12-08 20:00:37
550,Yamoto,38.4274,141.2149,36.63,82,11,5.35,JP,2022-12-08 20:04:58
551,Cidreira,-30.1811,-50.2056,75.16,73,0,11.16,BR,2022-12-08 20:04:58
552,Issoudun,47.0,1.8333,31.69,86,0,8.05,FR,2022-12-08 20:04:59
553,Ryotsu,38.0833,138.4333,44.06,69,75,6.87,JP,2022-12-08 20:04:59
554,Bethanien,-26.502,17.1583,71.82,37,0,12.01,NA,2022-12-08 20:04:59
555,Saint-Louis,16.3333,-15.0,88.66,25,0,9.89,SN,2022-12-08 20:05:00
556,Port Macquarie,-31.4333,152.9167,63.9,66,98,7.65,AU,2022-12-08 20:01:54
557,Lasa,46.6166,10.7002,27.36,93,37,2.33,IT,2022-12-08 20:06:00
558,Harper,4.375,-7.7169,78.67,81,13,5.46,LR,2022-12-08 20:06:01
559,Elbistan,38.2059,37.1983,44.96,74,97,2.08,TR,2022-12-08 20:06:01
560,San Cristobal,7.7669,-72.225,78.39,53,42,2.8,VE,2022-12-08 20:06:01
561,Minggang,32.4586,114.0486,45.37,73,93,5.01,CN,2022-12-08 20:06:02
562,Mogadishu,2.0371,45.3438,80.19,78,99,11.68,SO,2022-12-08 20:06:03
563,Gravdal,68.1214,13.5031,21.09,63,40,6.91,NO,2022-12-08 20:06:03
564,Thyboron,56.6985,8.2124,39.43,64,26,11.72,DK,2022-12-08 20:06:03
565,Chicomuselo,15.7667,-92.2667,82.29,45,0,0.56,MX,2022-12-08 20:06:04
566,Kalemie,-5.9475,29.1947,67.82,92,100,8.12,CD,2022-12-08 20:06:05
567,Yungay,-9.1383,-77.7436,65.8,61,99,7.9,PE,2022-12-08 20:06:06
568,Mahon,39.8885,4.2658,61.36,88,40,10.36,ES,2022-12-08 20:06:06
569,Makakilo City,21.3469,-158.0858,79.12,61,0,12.66,US,2022-12-08 20:06:07
570,Stoke-On-Trent,53.0042,-2.1854,29.14,64,51,1.01,GB,2022-12-08 20:01:55
571,Kunming,25.0389,102.7183,48.29,79,0,1.81,CN,2022-12-08 20:06:08
572,Comodoro Rivadavia,-45.8667,-67.5,78.66,18,20,39.12,AR,2022-12-08 20:06:10
573,Mastic Beach,40.7668,-72.8521,53.04,60,0,12.66,US,2022-12-08 20:06:10
574,Sembe,1.6481,14.5806,72.3,90,100,3.76,CG,2022-12-08 20:06:11
575,Godollo,47.5966,19.3551,37.62,85,100,3.44,HU,2022-12-08 20:06:11
576,Ocean City,39.2776,-74.5746,54.01,59,100,8.01,US,2022-12-08 20:01:44
577,Kragero,58.8693,9.4149,25.45,75,29,9.91,NO,2022-12-08 20:06:12
578,Katsuura,35.1333,140.3,53.17,76,100,10.74,JP,2022-12-08 20:06:13
579,Grand Baie,-20.0182,57.5802,77.45,74,7,8.99,MU,2022-12-08 20:06:14
